INSERT INTO role (id, name) VALUES (1, 'ROLE_USER');
INSERT INTO role (id, name) VALUES (2, 'ROLE_MANAGER_AUTHORITIES');
INSERT INTO role (id, name) VALUES (3, 'ROLE_ADMIN_AUTHORITIES');
INSERT INTO role (id, name) VALUES (4, 'ROLE_SUPER_ADMIN_AUTHORITIES');
INSERT INTO authority (id, name) VALUES (1, 'user:read');
INSERT INTO authority (id, name) VALUES (2, 'user:update');
INSERT INTO authority (id, name) VALUES (3, 'user:create');
INSERT INTO authority (id, name) VALUES (4, 'user:delete');
INSERT INTO authority (id, name) VALUES (5, 'user:seelogintime');
INSERT INTO authority (id, name) VALUES (6, 'system:status');
INSERT INTO roles_authorities (role_id, authority_id) VALUES (1, 1);
INSERT INTO roles_authorities (role_id, authority_id) VALUES (2, 1);
INSERT INTO roles_authorities (role_id, authority_id) VALUES (2, 2);
INSERT INTO roles_authorities (role_id, authority_id) VALUES (3, 1);
INSERT INTO roles_authorities (role_id, authority_id) VALUES (3, 2);
INSERT INTO roles_authorities (role_id, authority_id) VALUES (3, 3);
INSERT INTO roles_authorities (role_id, authority_id) VALUES (3, 5);
INSERT INTO roles_authorities (role_id, authority_id) VALUES (3, 6);
INSERT INTO roles_authorities (role_id, authority_id) VALUES (4, 1);
INSERT INTO roles_authorities (role_id, authority_id) VALUES (4, 2);
INSERT INTO roles_authorities (role_id, authority_id) VALUES (4, 3);
INSERT INTO roles_authorities (role_id, authority_id) VALUES (4, 4);
INSERT INTO roles_authorities (role_id, authority_id) VALUES (4, 5);
INSERT INTO roles_authorities (role_id, authority_id) VALUES (4, 6);
INSERT INTO user_account (id, email, first_name, is_active, is_not_locked, join_date, last_login_date, last_login_date_display, last_name, middle_name, password, phone, role_id, username) VALUES (1, 'user@system.com', 'User', 'Y', 'Y', '2021-03-30', NULL, NULL, 'USER', 'With Role', '$2a$10$D0e2K7pGF563AfVUIPpI0.72.jI5tJ8OQgcfJOiXJFgXP6d.BgTWm', '11111111', 1, 'roleuser');
INSERT INTO user_account (id, email, first_name, is_active, is_not_locked, join_date, last_login_date, last_login_date_display, last_name, middle_name, password, phone, role_id, username) VALUES (2, 'managerauthorities@system.com', 'User', 'Y', 'Y', '2021-04-11', NULL, NULL, 'MANAGER_AUTHORITIES', 'With Role', '$2a$10$D0e2K7pGF563AfVUIPpI0.72.jI5tJ8OQgcfJOiXJFgXP6d.BgTWm', '11111111', 2, 'managerauthorities');
INSERT INTO user_account (id, email, first_name, is_active, is_not_locked, join_date, last_login_date, last_login_date_display, last_name, middle_name, password, phone, role_id, username) VALUES (3, 'adminauthorities@system.com', 'User', 'Y', 'Y', '2021-04-12', NULL, NULL, 'ADMIN_AUTHORITIES', 'With Role', '$2a$10$D0e2K7pGF563AfVUIPpI0.72.jI5tJ8OQgcfJOiXJFgXP6d.BgTWm', '11111111', 3, 'adminauthorities');
INSERT INTO user_account (id, email, first_name, is_active, is_not_locked, join_date, last_login_date, last_login_date_display, last_name, middle_name, password, phone, role_id, username) VALUES (4, 'superadminauthorities@system.com', 'User', 'Y', 'Y', '2021-04-12', NULL, NULL, 'SUPER_ADMIN_AUTHORITIES', 'With Role', '$2a$10$D0e2K7pGF563AfVUIPpI0.72.jI5tJ8OQgcfJOiXJFgXP6d.BgTWm', '11111111', 4, 'superadminauthorities');
INSERT INTO user_account (id, email, first_name, is_active, is_not_locked, join_date, last_login_date, last_login_date_display, last_name, middle_name, password, phone, role_id, username) VALUES (5, 'inactiveuser@system.com', 'Inactive', 'N', 'Y', '2021-04-12', NULL, NULL, 'User', NULL, '$2a$10$D0e2K7pGF563AfVUIPpI0.72.jI5tJ8OQgcfJOiXJFgXP6d.BgTWm', '11111111', 1, 'inactiveuser');
INSERT INTO user_account (id, email, first_name, is_active, is_not_locked, join_date, last_login_date, last_login_date_display, last_name, middle_name, password, phone, role_id, username) VALUES (6, 'lockeduser@system.com', 'Locked', 'Y', 'N', '2021-04-10', NULL, NULL, 'User', NULL, '$2a$10$D0e2K7pGF563AfVUIPpI0.72.jI5tJ8OQgcfJOiXJFgXP6d.BgTWm', '11111111', 1, 'lockeduser');
